INSERT INTO tool_tracker.user (id, first_name, password, last_name, user_name, user_type, notes, email) VALUES (1, 'Admin', '1000:a36b074c6e8156391b73d2005c47606dd02bfe337a1d33fd:55a514b01808b6430c91481978a6cdead47b5f2d0414e5dc', 'Adminsson', 'admin', 'admin', 'This is admin account', 'anderstolf@hotmail.com');
INSERT INTO tool_tracker.user (id, first_name, password, last_name, user_name, user_type, notes, email) VALUES (2, 'User', '1000:a36b074c6e8156391b73d2005c47606dd02bfe337a1d33fd:55a514b01808b6430c91481978a6cdead47b5f2d0414e5dc', 'Usersson', 'user', 'user', 'test user', 'tbruun@gmail.com');
INSERT INTO tool_tracker.user (id, first_name, password, last_name, user_name, user_type, notes, email) VALUES (3, 'Thomas', '1000:ccd00fa7a0aeda3562941a73008964cbf7823318b60dd407:a6be70b7c78a6ce1d69483c600b073e60f6d3eb2698e62ea', 'Bruun', 'tbruun', 'admin', 'Thomas sitt konto', 'tolfanders@gmail.com');
INSERT INTO tool_tracker.user (id, first_name, password, last_name, user_name, user_type, notes, email) VALUES (4, 'User1', '1000:a36b074c6e8156391b73d2005c47606dd02bfe337a1d33fd:55a514b01808b6430c91481978a6cdead47b5f2d0414e5dc', 'User1sson', 'user1', 'user', 'test user', 'anderstolf@gmail.com');
INSERT INTO tool_tracker.user (id, first_name, password, last_name, user_name, user_type, notes, email) VALUES (5, 'User2', '1000:a36b074c6e8156391b73d2005c47606dd02bfe337a1d33fd:55a514b01808b6430c91481978a6cdead47b5f2d0414e5dc', 'User2sson', 'user2', 'user', 'test user', 'stefanbahnson@yahoo.com');
INSERT INTO tool_tracker.user (id, first_name, password, last_name, user_name, user_type, notes, email) VALUES (6, 'User3', '1000:a36b074c6e8156391b73d2005c47606dd02bfe337a1d33fd:55a514b01808b6430c91481978a6cdead47b5f2d0414e5dc', 'User3sson', 'user3', 'user', 'test user', 'stefanbahnson@gmail.com');
INSERT INTO tool_tracker.user (id, first_name, password, last_name, user_name, user_type, notes, email) VALUES (7, 'User4', '1000:a36b074c6e8156391b73d2005c47606dd02bfe337a1d33fd:55a514b01808b6430c91481978a6cdead47b5f2d0414e5dc', 'User4sson', 'user4', 'user', 'test user', 'nonvalideemailadress@nope.com');



INSERT INTO tool_tracker.garage (id, garage_name, location, created, notes, still_alive) VALUES (1, 'Skanska-bygget', 'Södra Vägen 7, Göteborg', '2015-05.01', 'Sväng första vänster på vägen', 1);
INSERT INTO tool_tracker.garage (id, garage_name, location, created, notes, still_alive) VALUES (2, 'PEAB-bygget', 'Avenyn 2, Göteborg', '2015-05.15', 'Vid Hardrock', 1);
INSERT INTO tool_tracker.garage (id, garage_name, location, created, notes, still_alive) VALUES (3, 'Alingsås-bygget', 'Kometgatan 2, Alingsås', '2015-01.01', 'Nära Anders lägenhet', 1);

INSERT INTO tool_tracker.tool (id, tool_name, category, description, notes, still_alive, user_id, garage_id) VALUES (1001, 'Hilti TE 3000-AVR Polygon Breaker Kit', 'Demolition-Tool', 'Pneumatic Breakers and Active Vibration Reduction', null, 1, null, 1);
INSERT INTO tool_tracker.tool (id, tool_name, category, description, notes, still_alive, user_id, garage_id) VALUES (1002, 'Hilti DSH 700 Hand Held Gas Saw', 'Saw', 'Engine displacement: 68.7 cm2 - Power (max.): 3.5 kW', null, 1, null, 1);
INSERT INTO tool_tracker.tool (id, tool_name, category, description, notes, still_alive, user_id, garage_id) VALUES (1003, 'Hilti PD-E Laser Range Meter', 'Laser-level', 'Max. measuring distance: 656 ft', null, 1, null, 1);
INSERT INTO tool_tracker.tool (id, tool_name, category, description, notes, still_alive, user_id, garage_id) VALUES (1004, 'Hilti SDS Max TE 50 Combi Hammer', 'Demolition-Tool', '1050-watt motor - drilling range of 1/2 in. to 2 in', null, 1, null, 1);
INSERT INTO tool_tracker.tool (id, tool_name, category, description, notes, still_alive, user_id, garage_id) VALUES (1005, 'Hilti PM 2-L Line Laser', 'Laser-level', 'Max. operating distance: 33 ft (lines)', null, 1, null, 1);
INSERT INTO tool_tracker.tool (id, tool_name, category, description, notes, still_alive, user_id, garage_id) VALUES (1006, 'Hilti SFH 18-Volt Hammer Drill Driver', 'Drill', 'Used for drilling in masonry or stone with TM or masonry drill bits', null, 1, null, 1);
INSERT INTO tool_tracker.tool (id, tool_name, category, description, notes, still_alive, user_id, garage_id) VALUES (1007, 'Hilti WSR 1250 PE Reciprocating Saw', 'Saw', 'Triaxial vibration value for cutting wooden beam (ah', null, 1, null, 1);
INSERT INTO tool_tracker.tool (id, tool_name, category, description, notes, still_alive, user_id, garage_id) VALUES (1008, 'Hilti SD 4500 Drywall Screwdriver', 'Drill', 'WB): 26.5 m/s2', null, 1, null, 1);
INSERT INTO tool_tracker.tool (id, tool_name, category, description, notes, still_alive, user_id, garage_id) VALUES (1009, 'Hilti WSC 7.25-S Circular Saw', 'Saw', 'Max. torque: 7 ft-lbs', null, 1, null, 1);
INSERT INTO tool_tracker.tool (id, tool_name, category, description, notes, still_alive, user_id, garage_id) VALUES (1010, 'Hilti AG 450-S Angle Grinder', 'Grinder', 'Cutting depth at 45 degrees: 1-13/16 in Blade diameter - range: 7-1/4 - 7-1/4 in', null, 1, null, 1);
INSERT INTO tool_tracker.tool (id, tool_name, category, description, notes, still_alive, user_id, garage_id) VALUES (1011, 'Hilti SFH 18-A Hammer Drill Driver', 'Drill', 'load speed 10', null, 1, null, 3);
INSERT INTO tool_tracker.tool (id, tool_name, category, description, notes, still_alive, user_id, garage_id) VALUES (1012, 'Hilti DD 120 Compact Diamond Coring Rig', 'Drill', '000 rpm', null, 1, null, 1);
INSERT INTO tool_tracker.tool (id, tool_name, category, description, notes, still_alive, user_id, garage_id) VALUES (1013, 'Hilti TE 1500-AVR Demolition Hammer', 'Demolition-Tool', 'Max. torque hard joint: 743 in-lb', null, 1, null, 1);
INSERT INTO tool_tracker.tool (id, tool_name, category, description, notes, still_alive, user_id, garage_id) VALUES (1014, 'Hilti PR 2-HS Rotating Laser', 'Laser-level', '1/2-inch to 6-inch maximum bit range; 1-1/4 inch to 4 1/2 inch optinum bit range', null, 1, null, 1);
INSERT INTO tool_tracker.tool (id, tool_name, category, description, notes, still_alive, user_id, garage_id) VALUES (1015, 'Hilti DCH 300 Electric Diamond Saw', 'Saw', 'Full hammering frequency: 1620 impacts/minute', null, 1, null, 1);
INSERT INTO tool_tracker.tool (id, tool_name, category, description, notes, still_alive, user_id, garage_id) VALUES (1016, 'Lincoln SAE-300 Stick Welder/Generator', 'Welder', 'Max. operating distance with laser receiver (diameter): 1969 ft', null, 1, null, 1);
INSERT INTO tool_tracker.tool (id, tool_name, category, description, notes, still_alive, user_id, garage_id) VALUES (1017, 'E8 NIST Thermal Imaging Camera', 'Thermal-camera', '2', null, 1, null, 3);
INSERT INTO tool_tracker.tool (id, tool_name, category, description, notes, still_alive, user_id, garage_id) VALUES (1018, 'Dewalt Pavement Breaker', 'Demolition-Tool', '600-watt motor with intelligent Smart Power control', null, 1, null, 1);
INSERT INTO tool_tracker.tool (id, tool_name, category, description, notes, still_alive, user_id, garage_id) VALUES (1019, 'DEWALT SDS MAX Combination Hammer', 'Drill', '300 Amps Output @ 60% Duty Cycle', null, 1, null, 1);
INSERT INTO tool_tracker.tool (id, tool_name, category, description, notes, still_alive, user_id, garage_id) VALUES (1020, 'DEWALT Vertical Electric Air Compressor', 'Compressor', '19', null, 1, null, 1);
INSERT INTO tool_tracker.tool (id, tool_name, category, description, notes, still_alive, user_id, garage_id) VALUES (1021, 'Makita Shear Wrench', 'Wrench', '200 pixels (160 x 120)', null, 1, null, 1);
INSERT INTO tool_tracker.tool (id, tool_name, category, description, notes, still_alive, user_id, garage_id) VALUES (1022, 'Makita MM4 4-Stroke Power Cutter', 'Demolition-Tool', '52 Joules', null, 1, null, 1);
INSERT INTO tool_tracker.tool (id, tool_name, category, description, notes, still_alive, user_id, garage_id) VALUES (1023, 'Makita Power Cutter', 'Demolition-Tool', 'SHOCKS - Active Vibration Control', null, 1, null, 1);
INSERT INTO tool_tracker.tool (id, tool_name, category, description, notes, still_alive, user_id, garage_id) VALUES (1024, 'Husky Framing Nailer', 'Nailer', '2-stage clutch - 15 Amp motor', null, 1, null, 1);
INSERT INTO tool_tracker.tool (id, tool_name, category, description, notes, still_alive, user_id, garage_id) VALUES (1025, 'RIDGID Gas-Powered Air Compressor', 'Compressor', 'Rubber bumper for tool body protection', null, 1, null, 1);
INSERT INTO tool_tracker.tool (id, tool_name, category, description, notes, still_alive, user_id, garage_id) VALUES (1026, 'RIDGID Cast Iron Table Saw', 'Saw', 'Three ring piston - noise at 92.7 dB', null, 1, null, 1);
INSERT INTO tool_tracker.tool (id, tool_name, category, description, notes, still_alive, user_id, garage_id) VALUES (1027, 'RIDGID Drill Press with LED', 'Drill', 'Five Stage Foam Paper Nylon System With Advanced Directional Air Flow', null, 1, null, 1);
INSERT INTO tool_tracker.tool (id, tool_name, category, description, notes, still_alive, user_id, garage_id) VALUES (1028, 'RIDGID Compound Miter Saw with Laser', 'Saw', ' 50 To 1 Fuel Mixture', null, 1, null, 1);
INSERT INTO tool_tracker.tool (id, tool_name, category, description, notes, still_alive, user_id, garage_id) VALUES (1029, 'RIDGID Straight Finish Nailer', 'Nailer', 'Drives 2 - 3-1/2 in. nails', null, 1, null, 1);
INSERT INTO tool_tracker.tool (id, tool_name, category, description, notes, still_alive, user_id, garage_id) VALUES (1030, 'Milwaukee 2 Ton Electric Chain Hoist', 'Hoist', '3/8&quot; Sized Air Line -  20&quot; Width', null, 1, null, 1);
INSERT INTO tool_tracker.tool (id, tool_name, category, description, notes, still_alive, user_id, garage_id) VALUES (1031, 'Milwaukee M18 Force Logic Press Tool', 'Press-tool', '13 amp motor up to 3450 RPM', null, 1, null, 1);


INSERT INTO tool_tracker.history (id, tool_id, user_id, checked_out, checked_in) VALUES (34, 1001, 2, '2015-02-15 09:34:38', '2015-02-18 09:34:45');
INSERT INTO tool_tracker.history (id, tool_id, user_id, checked_out, checked_in) VALUES (32, 1001, 3, '2015-05-20 09:34:38', '2015-05-21 09:34:45');
INSERT INTO tool_tracker.history (id, tool_id, user_id, checked_out, checked_in) VALUES (25, 1001, 2, '2015-05-20 09:34:38', null);
INSERT INTO tool_tracker.history (id, tool_id, user_id, checked_out, checked_in) VALUES (12, 1002, 1, '2015-05-09 09:34:38', '2015-05-11 09:34:45');
INSERT INTO tool_tracker.history (id, tool_id, user_id, checked_out, checked_in) VALUES (10, 1002, 2, '2015-03-21 09:34:09', '2015-03-23 09:34:17');
INSERT INTO tool_tracker.history (id, tool_id, user_id, checked_out, checked_in) VALUES (38, 1002, 1, '2015-03-18 09:34:38', '2015-03-20 09:34:45');
INSERT INTO tool_tracker.history (id, tool_id, user_id, checked_out, checked_in) VALUES (48, 1002, 2, '2015-05-20 09:34:38', null);
INSERT INTO tool_tracker.history (id, tool_id, user_id, checked_out, checked_in) VALUES (46, 1002, 3, '2015-03-24 09:34:38', '2015-03-26 09:34:45');
INSERT INTO tool_tracker.history (id, tool_id, user_id, checked_out, checked_in) VALUES (45, 1002, 2, '2015-03-28 09:34:38', '2015-03-30 09:34:45');
INSERT INTO tool_tracker.history (id, tool_id, user_id, checked_out, checked_in) VALUES (51, 1003, 2, '2015-05-01 10:11:07', '2015-05-03 10:11:15');
INSERT INTO tool_tracker.history (id, tool_id, user_id, checked_out, checked_in) VALUES (53, 1003, 1, '2015-05-13 10:11:56', '2015-05-16 10:12:06');
INSERT INTO tool_tracker.history (id, tool_id, user_id, checked_out, checked_in) VALUES (30, 1004, 1, '2015-03-12 09:34:38', '2015-03-14 09:34:45');
INSERT INTO tool_tracker.history (id, tool_id, user_id, checked_out, checked_in) VALUES (15, 1004, 1, '2015-05-07 09:34:38', '2015-05-13 09:34:45');
INSERT INTO tool_tracker.history (id, tool_id, user_id, checked_out, checked_in) VALUES (36, 1004, 3, '2015-05-17 09:34:38', '2015-05-22 09:34:45');
INSERT INTO tool_tracker.history (id, tool_id, user_id, checked_out, checked_in) VALUES (27, 1005, 1, '2015-03-04 09:34:38', '2015-03-06 09:34:45');
INSERT INTO tool_tracker.history (id, tool_id, user_id, checked_out, checked_in) VALUES (33, 1005, 2, '2015-02-25 09:34:38', '2015-02-28 09:34:45');
INSERT INTO tool_tracker.history (id, tool_id, user_id, checked_out, checked_in) VALUES (11, 1006, 3, '2015-04-19 09:34:24', '2015-04-21 09:34:30');
INSERT INTO tool_tracker.history (id, tool_id, user_id, checked_out, checked_in) VALUES (65, 1007, 2, '2015-04-21 10:19:25', '2015-04-27 10:19:34');
INSERT INTO tool_tracker.history (id, tool_id, user_id, checked_out, checked_in) VALUES (52, 1007, 1, '2015-05-02 10:11:32', '2015-05-04 10:11:41');
INSERT INTO tool_tracker.history (id, tool_id, user_id, checked_out, checked_in) VALUES (64, 1007, 2, '2015-04-09 10:18:08', '2015-04-13 10:18:16');
INSERT INTO tool_tracker.history (id, tool_id, user_id, checked_out, checked_in) VALUES (54, 1008, 2, '2015-05-03 10:12:25', '2015-05-05 10:12:33');
INSERT INTO tool_tracker.history (id, tool_id, user_id, checked_out, checked_in) VALUES (35, 1008, 3, '2015-03-16 09:34:38', '2015-03-17 09:34:45');
INSERT INTO tool_tracker.history (id, tool_id, user_id, checked_out, checked_in) VALUES (23, 1009, 2, '2015-02-16 09:34:38', '2015-02-17 09:34:45');
INSERT INTO tool_tracker.history (id, tool_id, user_id, checked_out, checked_in) VALUES (66, 1009, 2, '2015-05-11 10:20:13', '2015-05-19 10:20:17');
INSERT INTO tool_tracker.history (id, tool_id, user_id, checked_out, checked_in) VALUES (13, 1009, 3, '2015-04-08 09:34:38', '2015-04-11 09:34:45');
INSERT INTO tool_tracker.history (id, tool_id, user_id, checked_out, checked_in) VALUES (63, 1010, 2, '2015-04-17 10:17:01', '2015-04-19 10:17:10');
INSERT INTO tool_tracker.history (id, tool_id, user_id, checked_out, checked_in) VALUES (4, 1011, 1, '2015-05-06 09:32:27', '2015-05-07 09:32:33');
INSERT INTO tool_tracker.history (id, tool_id, user_id, checked_out, checked_in) VALUES (68, 1011, 1, '2015-04-19 10:25:22', '2015-04-23 10:25:31');
INSERT INTO tool_tracker.history (id, tool_id, user_id, checked_out, checked_in) VALUES (31, 1012, 2, '2015-04-13 09:34:38', '2015-04-16 09:34:45');
INSERT INTO tool_tracker.history (id, tool_id, user_id, checked_out, checked_in) VALUES (37, 1012, 3, '2015-05-19 09:34:38', null);
INSERT INTO tool_tracker.history (id, tool_id, user_id, checked_out, checked_in) VALUES (9, 1012, 2, '2015-03-19 09:33:55', '2015-03-20 21:34:01');
INSERT INTO tool_tracker.history (id, tool_id, user_id, checked_out, checked_in) VALUES (19, 1012, 2, '2015-03-27 09:34:38', '2015-04-01 09:34:45');
INSERT INTO tool_tracker.history (id, tool_id, user_id, checked_out, checked_in) VALUES (39, 1013, 2, '2015-02-02 09:34:38', '2015-02-05 09:34:45');
INSERT INTO tool_tracker.history (id, tool_id, user_id, checked_out, checked_in) VALUES (59, 1013, 1, '2015-05-02 10:14:38', '2015-05-05 10:14:45');
INSERT INTO tool_tracker.history (id, tool_id, user_id, checked_out, checked_in) VALUES (50, 1014, 2, '2015-04-02 09:34:38', '2015-04-07 09:34:45');
INSERT INTO tool_tracker.history (id, tool_id, user_id, checked_out, checked_in) VALUES (47, 1014, 1, '2015-04-27 09:34:38', '2015-04-29 09:34:45');
INSERT INTO tool_tracker.history (id, tool_id, user_id, checked_out, checked_in) VALUES (67, 1015, 1, '2015-04-11 10:23:05', '2015-04-18 10:22:59');
INSERT INTO tool_tracker.history (id, tool_id, user_id, checked_out, checked_in) VALUES (40, 1016, 1, '2015-03-01 09:34:38', '2015-03-02 09:34:45');
INSERT INTO tool_tracker.history (id, tool_id, user_id, checked_out, checked_in) VALUES (71, 1016, 1, '2015-03-23 10:27:57', '2015-03-27 10:28:02');
INSERT INTO tool_tracker.history (id, tool_id, user_id, checked_out, checked_in) VALUES (60, 1016, 3, '2015-05-08 10:15:04', '2015-05-09 10:15:07');
INSERT INTO tool_tracker.history (id, tool_id, user_id, checked_out, checked_in) VALUES (22, 1016, 1, '2015-03-19 09:34:38', '2015-03-21 09:34:45');
INSERT INTO tool_tracker.history (id, tool_id, user_id, checked_out, checked_in) VALUES (26, 1016, 2, '2015-05-09 09:34:38', '2015-05-11 09:34:45');
INSERT INTO tool_tracker.history (id, tool_id, user_id, checked_out, checked_in) VALUES (70, 1017, 1, '2015-04-23 10:27:16', '2015-04-26 10:27:22');
INSERT INTO tool_tracker.history (id, tool_id, user_id, checked_out, checked_in) VALUES (42, 1017, 1, '2015-05-17 09:34:38', '2015-05-21 09:34:45');
INSERT INTO tool_tracker.history (id, tool_id, user_id, checked_out, checked_in) VALUES (14, 1017, 1, '2015-04-07 09:34:38', '2015-04-10 09:34:45');
INSERT INTO tool_tracker.history (id, tool_id, user_id, checked_out, checked_in) VALUES (1, 1017, 1, '2015-05-13 09:29:39', '2015-05-15 09:29:51');
INSERT INTO tool_tracker.history (id, tool_id, user_id, checked_out, checked_in) VALUES (43, 1018, 3, '2015-04-17 09:34:38', '2015-04-20 09:34:45');
INSERT INTO tool_tracker.history (id, tool_id, user_id, checked_out, checked_in) VALUES (44, 1018, 1, '2015-02-27 09:34:38', '2015-03-01 09:34:45');
INSERT INTO tool_tracker.history (id, tool_id, user_id, checked_out, checked_in) VALUES (29, 1018, 1, '2015-05-05 09:34:38', '2015-05-07 09:34:45');
INSERT INTO tool_tracker.history (id, tool_id, user_id, checked_out, checked_in) VALUES (69, 1019, 1, '2015-04-30 10:26:24', '2015-05-03 10:26:32');
INSERT INTO tool_tracker.history (id, tool_id, user_id, checked_out, checked_in) VALUES (21, 1019, 3, '2015-03-09 09:34:38', '2015-03-10 09:34:45');
INSERT INTO tool_tracker.history (id, tool_id, user_id, checked_out, checked_in) VALUES (55, 1020, 2, '2015-04-29 10:12:45', '2015-05-01 10:13:00');
INSERT INTO tool_tracker.history (id, tool_id, user_id, checked_out, checked_in) VALUES (41, 1022, 2, '2015-04-01 09:34:38', '2015-04-04 09:34:45');
INSERT INTO tool_tracker.history (id, tool_id, user_id, checked_out, checked_in) VALUES (16, 1022, 2, '2015-04-05 09:34:38', '2015-04-08 09:34:45');
INSERT INTO tool_tracker.history (id, tool_id, user_id, checked_out, checked_in) VALUES (6, 1023, 3, '2015-05-21 09:32:58', '2015-05-22 12:33:04');
INSERT INTO tool_tracker.history (id, tool_id, user_id, checked_out, checked_in) VALUES (18, 1023, 2, '2015-04-03 09:34:38', '2015-04-06 09:34:45');
INSERT INTO tool_tracker.history (id, tool_id, user_id, checked_out, checked_in) VALUES (2, 1023, 2, '2015-05-18 09:30:02', '2015-05-19 09:30:09');
INSERT INTO tool_tracker.history (id, tool_id, user_id, checked_out, checked_in) VALUES (61, 1023, 2, '2015-05-09 10:15:31', '2015-05-10 10:15:40');
INSERT INTO tool_tracker.history (id, tool_id, user_id, checked_out, checked_in) VALUES (28, 1024, 2, '2015-02-03 09:34:38', '2015-02-08 09:34:45');
INSERT INTO tool_tracker.history (id, tool_id, user_id, checked_out, checked_in) VALUES (57, 1024, 2, '2015-05-04 10:13:51', '2015-05-07 10:13:55');
INSERT INTO tool_tracker.history (id, tool_id, user_id, checked_out, checked_in) VALUES (8, 1025, 1, '2015-03-16 09:33:43', '2015-03-18 09:33:48');
INSERT INTO tool_tracker.history (id, tool_id, user_id, checked_out, checked_in) VALUES (5, 1026, 2, '2015-05-13 09:32:42', '2015-05-13 21:32:46');
INSERT INTO tool_tracker.history (id, tool_id, user_id, checked_out, checked_in) VALUES (7, 1026, 1, '2015-02-10 09:33:16', '2015-02-15 09:33:37');
INSERT INTO tool_tracker.history (id, tool_id, user_id, checked_out, checked_in) VALUES (20, 1027, 3, '2015-04-01 09:34:38', '2015-04-04 09:34:45');
INSERT INTO tool_tracker.history (id, tool_id, user_id, checked_out, checked_in) VALUES (3, 1027, 3, '2015-05-12 09:32:14', '2015-05-15 09:32:20');
INSERT INTO tool_tracker.history (id, tool_id, user_id, checked_out, checked_in) VALUES (17, 1028, 3, '2015-05-01 09:34:38', '2015-05-07 09:34:45');
INSERT INTO tool_tracker.history (id, tool_id, user_id, checked_out, checked_in) VALUES (24, 1028, 3, '2015-03-16 09:34:38', '2015-03-20 09:34:45');
INSERT INTO tool_tracker.history (id, tool_id, user_id, checked_out, checked_in) VALUES (49, 1028, 3, '2015-05-19 09:34:38', null);
INSERT INTO tool_tracker.history (id, tool_id, user_id, checked_out, checked_in) VALUES (58, 1029, 2, '2015-05-03 10:14:08', '2015-05-05 10:14:19');
INSERT INTO tool_tracker.history (id, tool_id, user_id, checked_out, checked_in) VALUES (56, 1030, 3, '2015-04-29 10:13:12', '2015-05-02 10:13:25');
INSERT INTO tool_tracker.history (id, tool_id, user_id, checked_out, checked_in) VALUES (62, 1031, 2, '2015-04-06 10:15:54', '2015-04-07 10:16:07');

INSERT INTO tool_tracker.category(category) VALUE('Screwdriver');
INSERT INTO tool_tracker.category(category) VALUE('Drill');
INSERT INTO tool_tracker.category(category) VALUE('Saw');
INSERT INTO tool_tracker.category(category) VALUE('Hammer');